{"textures":{"0":"modelengine:entity/toro_wither"},"elements":[{"from":[5.6,5.6,5.6],"to":[10.4,10.4,10.4],"rotation":{"angle":0.0,"axis":"y","origin":[7.52,9.440001,1.7599998]},"faces":{"east":{"uv":[8.15625,4.9375,8.375,5.15625],"rotation":0,"texture":"#0","tintindex":0},"south":{"uv":[8.15625,5.15625,8.375,5.375],"rotation":0,"texture":"#0","tintindex":0},"north":{"uv":[8.15625,4.71875,8.375,4.9375],"rotation":0,"texture":"#0","tintindex":0},"west":{"uv":[8.15625,6.3125,8.375,6.53125],"rotation":0,"texture":"#0","tintindex":0},"up":{"uv":[0.21875,8.40625,0.0,8.1875],"rotation":0,"texture":"#0","tintindex":0},"down":{"uv":[0.4375,8.1875,0.21875,8.40625],"rotation":0,"texture":"#0","tintindex":0}}},{"from":[4.64,4.64,4.64],"to":[11.360001,11.360001,11.360001],"rotation":{"angle":0.0,"axis":"y","origin":[7.52,9.440001,1.7599998]},"faces":{"east":{"uv":[6.90625,6.96875,7.21875,7.28125],"rotation":0,"texture":"#0","tintindex":0},"south":{"uv":[6.90625,6.96875,7.21875,7.28125],"rotation":0,"texture":"#0","tintindex":0},"north":{"uv":[6.90625,6.96875,7.21875,7.28125],"rotation":0,"texture":"#0","tintindex":0},"west":{"uv":[6.90625,6.96875,7.21875,7.28125],"rotation":0,"texture":"#0","tintindex":0},"up":{"uv":[7.21875,7.28125,6.90625,6.96875],"rotation":0,"texture":"#0","tintindex":0},"down":{"uv":[7.21875,6.96875,6.90625,7.28125],"rotation":0,"texture":"#0","tintindex":0}}}],"display":{"head":{"translation":[0.0,-6.4,0.0],"scale":[4.0,4.0,4.0]}}}