{"textures":{"1":"modelengine:entity/toro_wither_terror"},"elements":[{"from":[3.1999998,-2.8342857,3.1999998],"to":[12.8,1.0057139,8.0],"rotation":{"angle":0.0,"axis":"y","origin":[8.0,-0.43428612,3.6799998]},"faces":{"east":{"uv":[7.09375,9.46875,7.34375,9.6875],"rotation":0,"texture":"#1","tintindex":0},"south":{"uv":[11.21875,8.625,11.75,8.84375],"rotation":0,"texture":"#1","tintindex":0},"north":{"uv":[11.15625,2.3125,11.6875,2.53125],"rotation":0,"texture":"#1","tintindex":0},"west":{"uv":[11.9375,8.375,12.1875,8.59375],"rotation":0,"texture":"#1","tintindex":0},"up":{"uv":[6.125,8.1875,5.59375,7.9375],"rotation":0,"texture":"#1","tintindex":0},"down":{"uv":[10.90625,9.59375,10.375,9.84375],"rotation":0,"texture":"#1","tintindex":0}}},{"from":[4.16,-1.6342869,6.56],"to":[11.84,2.2057137,11.360001],"rotation":{"angle":-45.0,"axis":"x","origin":[8.0,-0.9142866,7.52]},"faces":{"east":{"uv":[12.0625,11.5,12.3125,11.71875],"rotation":0,"texture":"#1","tintindex":0},"south":{"uv":[11.53125,8.375,11.9375,8.59375],"rotation":0,"texture":"#1","tintindex":0},"north":{"uv":[9.625,0.625,10.03125,0.84375],"rotation":0,"texture":"#1","tintindex":0},"west":{"uv":[12.09375,2.71875,12.34375,2.9375],"rotation":0,"texture":"#1","tintindex":0},"up":{"uv":[11.8125,6.8125,11.40625,6.5625],"rotation":0,"texture":"#1","tintindex":0},"down":{"uv":[11.8125,7.625,11.40625,7.875],"rotation":0,"texture":"#1","tintindex":0}}},{"from":[6.56,-4.9942865,3.1999998],"to":[9.440001,-1.8742867,5.84],"rotation":{"angle":-22.5,"axis":"x","origin":[7.52,-0.43428612,3.6799998]},"faces":{"east":{"uv":[7.96875,3.09375,8.125,3.25],"rotation":0,"texture":"#1","tintindex":0},"south":{"uv":[8.125,3.09375,8.28125,3.25],"rotation":0,"texture":"#1","tintindex":0},"north":{"uv":[4.0625,6.9375,4.21875,7.09375],"rotation":0,"texture":"#1","tintindex":0},"west":{"uv":[5.6875,8.5625,5.84375,8.71875],"rotation":0,"texture":"#1","tintindex":0},"up":{"uv":[10.375,5.875,10.21875,5.71875],"rotation":0,"texture":"#1","tintindex":0},"down":{"uv":[10.53125,5.71875,10.375,5.875],"rotation":0,"texture":"#1","tintindex":0}}},{"from":[8.96,-1.1542864,1.2799997],"to":[11.360001,2.6857138,3.4399996],"rotation":{"angle":-22.5,"axis":"x","origin":[8.0,-0.43428612,3.6799998]},"faces":{"east":{"uv":[2.90625,4.0,3.03125,4.21875],"rotation":0,"texture":"#1","tintindex":0},"south":{"uv":[2.46875,6.96875,2.59375,7.1875],"rotation":0,"texture":"#1","tintindex":0},"north":{"uv":[2.90625,3.78125,3.03125,4.0],"rotation":0,"texture":"#1","tintindex":0},"west":{"uv":[2.46875,7.1875,2.59375,7.40625],"rotation":0,"texture":"#1","tintindex":0},"up":{"uv":[2.125,7.46875,2.0,7.34375],"rotation":0,"texture":"#1","tintindex":0},"down":{"uv":[10.1875,3.34375,10.0625,3.46875],"rotation":0,"texture":"#1","tintindex":0}}},{"from":[4.64,-1.1542864,1.2799997],"to":[7.04,2.6857138,3.4399996],"rotation":{"angle":-22.5,"axis":"x","origin":[8.0,-0.43428612,3.6799998]},"faces":{"east":{"uv":[7.375,8.59375,7.5,8.8125],"rotation":0,"texture":"#1","tintindex":0},"south":{"uv":[8.875,5.6875,9.0,5.90625],"rotation":0,"texture":"#1","tintindex":0},"north":{"uv":[3.5,7.5,3.625,7.71875],"rotation":0,"texture":"#1","tintindex":0},"west":{"uv":[1.125,8.90625,1.25,9.125],"rotation":0,"texture":"#1","tintindex":0},"up":{"uv":[10.5,2.1875,10.375,2.0625],"rotation":0,"texture":"#1","tintindex":0},"down":{"uv":[11.03125,3.3125,10.90625,3.4375],"rotation":0,"texture":"#1","tintindex":0}}}],"display":{"head":{"translation":[0.0,-6.4,0.0],"scale":[4.0,4.0,4.0]}}}