{"textures":{"1":"modelengine:entity/toro_wither_terror"},"elements":[{"from":[5.18836,-16.0,9.3763275],"to":[10.468361,12.319999,14.656328],"rotation":{"angle":0.0,"axis":"y","origin":[50.30836,-4.000002,16.096329]},"faces":{"east":{"uv":[0.34375,5.09375,0.6875,6.9375],"rotation":0,"texture":"#1","tintindex":0},"south":{"uv":[4.09375,5.09375,4.4375,6.9375],"rotation":0,"texture":"#1","tintindex":0},"north":{"uv":[0.0,5.09375,0.34375,6.9375],"rotation":0,"texture":"#1","tintindex":0},"west":{"uv":[5.09375,5.375,5.4375,7.21875],"rotation":0,"texture":"#1","tintindex":0},"up":{"uv":[11.40625,7.96875,11.0625,7.625],"rotation":0,"texture":"#1","tintindex":0},"down":{"uv":[11.40625,10.28125,11.0625,10.625],"rotation":0,"texture":"#1","tintindex":0}}},{"from":[9.628361,10.039999,10.336328],"to":[13.468361,17.72,13.696327],"rotation":{"angle":-22.5,"axis":"z","origin":[8.548361,16.16,12.016328]},"faces":{"east":{"uv":[0.46875,6.9375,0.6875,7.4375],"rotation":0,"texture":"#1","tintindex":0},"south":{"uv":[10.84375,1.15625,11.09375,1.65625],"rotation":0,"texture":"#1","tintindex":0},"north":{"uv":[9.40625,10.71875,9.65625,11.21875],"rotation":0,"texture":"#1","tintindex":0},"west":{"uv":[3.28125,7.875,3.5,8.375],"rotation":0,"texture":"#1","tintindex":0},"up":{"uv":[4.6875,12.3125,4.4375,12.09375],"rotation":0,"texture":"#1","tintindex":0},"down":{"uv":[4.9375,12.09375,4.6875,12.3125],"rotation":0,"texture":"#1","tintindex":0}}},{"from":[4.34836,-8.800003,9.856328],"to":[7.70836,7.039998,14.176328],"rotation":{"angle":22.5,"axis":"z","origin":[2.78836,-2.5600023,12.016328]},"faces":{"east":{"uv":[6.375,8.71875,6.65625,9.75],"rotation":0,"texture":"#1","tintindex":0},"south":{"uv":[8.3125,9.28125,8.53125,10.3125],"rotation":0,"texture":"#1","tintindex":0},"north":{"uv":[4.875,5.75,5.09375,6.78125],"rotation":0,"texture":"#1","tintindex":0},"west":{"uv":[8.5625,9.0625,8.84375,10.09375],"rotation":0,"texture":"#1","tintindex":0},"up":{"uv":[12.28125,5.03125,12.0625,4.75],"rotation":0,"texture":"#1","tintindex":0},"down":{"uv":[12.28125,5.46875,12.0625,5.75],"rotation":0,"texture":"#1","tintindex":0}}},{"from":[-0.45164013,-16.0,9.856328],"to":[2.90836,-6.880003,14.176328],"rotation":{"angle":22.5,"axis":"z","origin":[2.78836,-2.5600023,12.016328]},"faces":{"east":{"uv":[8.53125,10.09375,8.8125,10.6875],"rotation":0,"texture":"#1","tintindex":0},"south":{"uv":[2.03125,10.71875,2.25,11.3125],"rotation":0,"texture":"#1","tintindex":0},"north":{"uv":[1.8125,10.71875,2.03125,11.3125],"rotation":0,"texture":"#1","tintindex":0},"west":{"uv":[9.40625,10.125,9.6875,10.71875],"rotation":0,"texture":"#1","tintindex":0},"up":{"uv":[12.28125,6.03125,12.0625,5.75],"rotation":0,"texture":"#1","tintindex":0},"down":{"uv":[12.28125,6.34375,12.0625,6.625],"rotation":0,"texture":"#1","tintindex":0}}}],"display":{"head":{"translation":[0.0,-13.292051,0.0],"scale":[4.0,4.0,4.0]}}}