{"textures":{"1":"modelengine:entity/toro_wither_terror"},"elements":[{"from":[5.485714,6.2829556,4.740196],"to":[10.285714,11.425813,9.540196],"rotation":{"angle":-22.5,"axis":"x","origin":[7.885714,8.854384,7.1401963]},"faces":{"east":{"uv":[11.71875,12.09375,11.9375,12.34375],"rotation":0,"texture":"#1","tintindex":0},"south":{"uv":[12.125,0.5625,12.34375,0.8125],"rotation":0,"texture":"#1","tintindex":0},"north":{"uv":[9.9375,12.09375,10.15625,12.34375],"rotation":0,"texture":"#1","tintindex":0},"west":{"uv":[1.0625,12.125,1.28125,12.375],"rotation":0,"texture":"#1","tintindex":0},"up":{"uv":[12.5,1.5,12.28125,1.28125],"rotation":0,"texture":"#1","tintindex":0},"down":{"uv":[12.5,3.25,12.28125,3.46875],"rotation":0,"texture":"#1","tintindex":0}}},{"from":[6.5142856,8.511527,-6.4026613],"to":[9.6,11.940099,5.5973387],"rotation":{"angle":22.5,"axis":"x","origin":[8.228572,8.682956,1.6544819]},"faces":{"east":{"uv":[11.53125,9.40625,12.09375,9.5625],"rotation":0,"texture":"#1","tintindex":0},"south":{"uv":[7.78125,12.34375,7.9375,12.5],"rotation":0,"texture":"#1","tintindex":0},"north":{"uv":[7.625,12.34375,7.78125,12.5],"rotation":0,"texture":"#1","tintindex":0},"west":{"uv":[11.5625,1.0,12.125,1.15625],"rotation":0,"texture":"#1","tintindex":0},"up":{"uv":[8.28125,10.3125,8.125,9.75],"rotation":0,"texture":"#1","tintindex":0},"down":{"uv":[1.5625,11.53125,1.40625,12.09375],"rotation":0,"texture":"#1","tintindex":0}}},{"from":[6.6857142,12.96867,-14.288378],"to":[9.428572,16.397242,-2.1169472],"rotation":{"angle":-22.5,"axis":"x","origin":[8.228572,8.682956,1.6544819]},"faces":{"east":{"uv":[11.5625,7.09375,12.125,7.25],"rotation":0,"texture":"#1","tintindex":0},"south":{"uv":[6.875,12.375,7.0,12.53125],"rotation":0,"texture":"#1","tintindex":0},"north":{"uv":[12.125,5.3125,12.25,5.46875],"rotation":0,"texture":"#1","tintindex":0},"west":{"uv":[11.5625,8.03125,12.125,8.1875],"rotation":0,"texture":"#1","tintindex":0},"up":{"uv":[6.8125,12.34375,6.6875,11.78125],"rotation":0,"texture":"#1","tintindex":0},"down":{"uv":[0.5,11.8125,0.375,12.375],"rotation":0,"texture":"#1","tintindex":0}}}],"display":{"head":{"translation":[0.0,-6.4,0.0],"scale":[4.0,4.0,4.0]}}}