{"textures":{"1":"modelengine:entity/toro_wither_terror"},"elements":[{"from":[5.542857,4.9115267,5.42591],"to":[10.342857,10.054384,10.22591],"rotation":{"angle":-22.5,"axis":"x","origin":[8.114285,7.482956,7.8259106]},"faces":{"east":{"uv":[12.3125,6.03125,12.09375,6.28125],"rotation":0,"texture":"#1","tintindex":0},"south":{"uv":[5.8125,12.09375,5.59375,12.34375],"rotation":0,"texture":"#1","tintindex":0},"north":{"uv":[5.15625,12.09375,4.9375,12.34375],"rotation":0,"texture":"#1","tintindex":0},"west":{"uv":[5.59375,12.09375,5.375,12.34375],"rotation":0,"texture":"#1","tintindex":0},"up":{"uv":[12.28125,0.21875,12.5,0.0],"rotation":0,"texture":"#1","tintindex":0},"down":{"uv":[12.28125,1.0625,12.5,1.28125],"rotation":0,"texture":"#1","tintindex":0}}},{"from":[6.4,7.1400986,-4.345518],"to":[9.485714,10.56867,6.2830534],"rotation":{"angle":22.5,"axis":"x","origin":[7.7714286,7.3115273,2.3401961]},"faces":{"east":{"uv":[12.15625,8.84375,11.65625,9.0],"rotation":0,"texture":"#1","tintindex":0},"south":{"uv":[7.625,12.34375,7.46875,12.5],"rotation":0,"texture":"#1","tintindex":0},"north":{"uv":[12.25,0.0,12.09375,0.15625],"rotation":0,"texture":"#1","tintindex":0},"west":{"uv":[9.625,5.53125,9.125,5.6875],"rotation":0,"texture":"#1","tintindex":0},"up":{"uv":[3.3125,11.09375,3.46875,10.59375],"rotation":0,"texture":"#1","tintindex":0},"down":{"uv":[11.75,4.0,11.90625,4.5],"rotation":0,"texture":"#1","tintindex":0}}},{"from":[6.5714283,10.740099,-12.916946],"to":[9.314285,14.168671,0.11162424],"rotation":{"angle":-22.5,"axis":"x","origin":[7.7714286,7.3115273,2.3401961]},"faces":{"east":{"uv":[12.0,10.5,11.40625,10.65625],"rotation":0,"texture":"#1","tintindex":0},"south":{"uv":[2.375,10.59375,2.25,10.75],"rotation":0,"texture":"#1","tintindex":0},"north":{"uv":[10.46875,2.53125,10.34375,2.6875],"rotation":0,"texture":"#1","tintindex":0},"west":{"uv":[12.0,7.875,11.40625,8.03125],"rotation":0,"texture":"#1","tintindex":0},"up":{"uv":[2.90625,3.78125,3.03125,3.1875],"rotation":0,"texture":"#1","tintindex":0},"down":{"uv":[0.6875,5.09375,0.8125,5.6875],"rotation":0,"texture":"#1","tintindex":0}}}],"display":{"head":{"translation":[0.0,-6.4,0.0],"scale":[4.0,4.0,4.0]}}}