{"textures":{"1":"modelengine:entity/toro_wither_terror"},"elements":[{"from":[5.5316396,-16.0,9.3763275],"to":[10.81164,12.319999,14.656328],"rotation":{"angle":0.0,"axis":"y","origin":[-34.30836,-4.000002,16.096329]},"faces":{"east":{"uv":[5.4375,5.375,5.09375,7.21875],"rotation":0,"texture":"#1","tintindex":0},"south":{"uv":[4.4375,5.09375,4.09375,6.9375],"rotation":0,"texture":"#1","tintindex":0},"north":{"uv":[0.34375,5.09375,0.0,6.9375],"rotation":0,"texture":"#1","tintindex":0},"west":{"uv":[0.6875,5.09375,0.34375,6.9375],"rotation":0,"texture":"#1","tintindex":0},"up":{"uv":[11.0625,7.96875,11.40625,7.625],"rotation":0,"texture":"#1","tintindex":0},"down":{"uv":[11.0625,10.28125,11.40625,10.625],"rotation":0,"texture":"#1","tintindex":0}}},{"from":[2.5316396,10.039999,10.336328],"to":[6.3716397,17.72,13.696327],"rotation":{"angle":22.5,"axis":"z","origin":[7.4516397,16.16,12.016328]},"faces":{"east":{"uv":[3.5,7.875,3.28125,8.375],"rotation":0,"texture":"#1","tintindex":0},"south":{"uv":[11.09375,1.15625,10.84375,1.65625],"rotation":0,"texture":"#1","tintindex":0},"north":{"uv":[9.65625,10.71875,9.40625,11.21875],"rotation":0,"texture":"#1","tintindex":0},"west":{"uv":[0.6875,6.9375,0.46875,7.4375],"rotation":0,"texture":"#1","tintindex":0},"up":{"uv":[4.4375,12.3125,4.6875,12.09375],"rotation":0,"texture":"#1","tintindex":0},"down":{"uv":[4.6875,12.09375,4.9375,12.3125],"rotation":0,"texture":"#1","tintindex":0}}},{"from":[8.291639,-8.800003,9.856328],"to":[11.65164,7.039998,14.176328],"rotation":{"angle":-22.5,"axis":"z","origin":[13.211639,-2.5600023,12.016328]},"faces":{"east":{"uv":[8.84375,9.0625,8.5625,10.09375],"rotation":0,"texture":"#1","tintindex":0},"south":{"uv":[8.53125,9.28125,8.3125,10.3125],"rotation":0,"texture":"#1","tintindex":0},"north":{"uv":[5.09375,5.75,4.875,6.78125],"rotation":0,"texture":"#1","tintindex":0},"west":{"uv":[6.65625,8.71875,6.375,9.75],"rotation":0,"texture":"#1","tintindex":0},"up":{"uv":[12.0625,5.03125,12.28125,4.75],"rotation":0,"texture":"#1","tintindex":0},"down":{"uv":[12.0625,5.46875,12.28125,5.75],"rotation":0,"texture":"#1","tintindex":0}}},{"from":[13.09164,-16.0,9.856328],"to":[16.451641,-6.880003,14.176328],"rotation":{"angle":-22.5,"axis":"z","origin":[13.211639,-2.5600023,12.016328]},"faces":{"east":{"uv":[9.6875,10.125,9.40625,10.71875],"rotation":0,"texture":"#1","tintindex":0},"south":{"uv":[2.25,10.71875,2.03125,11.3125],"rotation":0,"texture":"#1","tintindex":0},"north":{"uv":[2.03125,10.71875,1.8125,11.3125],"rotation":0,"texture":"#1","tintindex":0},"west":{"uv":[8.8125,10.09375,8.53125,10.6875],"rotation":0,"texture":"#1","tintindex":0},"up":{"uv":[12.0625,6.03125,12.28125,5.75],"rotation":0,"texture":"#1","tintindex":0},"down":{"uv":[12.0625,6.34375,12.28125,6.625],"rotation":0,"texture":"#1","tintindex":0}}}],"display":{"head":{"translation":[0.0,-13.292051,0.0],"scale":[4.0,4.0,4.0]}}}