{"textures":{"1":"modelengine:entity/volkumos_smash"},"elements":[{"from":[5.5714283,1.1157484,9.871529],"to":[7.857143,6.8300347,12.157244],"rotation":{"angle":22.5,"axis":"x","origin":[18.857143,15.560253,14.376293]},"faces":{"east":{"uv":[5.375,11.125,5.875,12.375],"rotation":0,"texture":"#1","tintindex":0},"south":{"uv":[5.875,11.125,6.375,12.375],"rotation":0,"texture":"#1","tintindex":0},"north":{"uv":[4.875,11.125,5.375,12.375],"rotation":0,"texture":"#1","tintindex":0},"west":{"uv":[7.375,11.125,7.875,12.375],"rotation":0,"texture":"#1","tintindex":0},"up":{"uv":[11.5,12.625,11.0,12.125],"rotation":0,"texture":"#1","tintindex":0},"down":{"uv":[12.625,11.125,12.125,11.625],"rotation":0,"texture":"#1","tintindex":0}}},{"from":[5.142857,1.8459668,2.3762927],"to":[8.571428,4.7031097,7.5191503],"rotation":{"angle":0.0,"axis":"y","origin":[18.857143,15.560253,14.376293]},"faces":{"east":{"uv":[10.75,2.25,11.875,2.875],"rotation":0,"texture":"#1","tintindex":0},"south":{"uv":[11.875,2.75,12.625,3.375],"rotation":0,"texture":"#1","tintindex":0},"north":{"uv":[11.875,2.125,12.625,2.75],"rotation":0,"texture":"#1","tintindex":0},"west":{"uv":[10.75,2.875,11.875,3.5],"rotation":0,"texture":"#1","tintindex":0},"up":{"uv":[11.25,1.125,10.5,0.0],"rotation":0,"texture":"#1","tintindex":0},"down":{"uv":[11.25,1.125,10.5,2.25],"rotation":0,"texture":"#1","tintindex":0}}}],"display":{"head":{"translation":[0.0,-6.4,0.0],"scale":[4.0,4.0,4.0]}}}