{"textures":{"1":"modelengine:entity/toro_wither_terror"},"elements":[{"from":[3.1999998,-2.8342857,3.1999998],"to":[12.8,1.0057139,8.0],"rotation":{"angle":0.0,"axis":"y","origin":[8.0,-0.43428612,3.6799998]},"faces":{"east":{"uv":[12.125,9.0,12.375,9.21875],"rotation":0,"texture":"#1","tintindex":0},"south":{"uv":[11.375,9.0,11.90625,9.21875],"rotation":0,"texture":"#1","tintindex":0},"north":{"uv":[11.34375,10.84375,11.875,11.0625],"rotation":0,"texture":"#1","tintindex":0},"west":{"uv":[12.125,9.21875,12.375,9.4375],"rotation":0,"texture":"#1","tintindex":0},"up":{"uv":[10.9375,0.25,10.40625,0.0],"rotation":0,"texture":"#1","tintindex":0},"down":{"uv":[11.0,8.21875,10.46875,8.46875],"rotation":0,"texture":"#1","tintindex":0}}},{"from":[4.16,-1.6342869,6.56],"to":[11.84,2.2057137,11.360001],"rotation":{"angle":-45.0,"axis":"x","origin":[8.0,-0.9142866,7.52]},"faces":{"east":{"uv":[9.3125,12.125,9.5625,12.34375],"rotation":0,"texture":"#1","tintindex":0},"south":{"uv":[11.5625,5.46875,11.96875,5.6875],"rotation":0,"texture":"#1","tintindex":0},"north":{"uv":[11.5625,3.78125,11.96875,4.0],"rotation":0,"texture":"#1","tintindex":0},"west":{"uv":[12.125,10.59375,12.375,10.8125],"rotation":0,"texture":"#1","tintindex":0},"up":{"uv":[3.625,11.71875,3.21875,11.46875],"rotation":0,"texture":"#1","tintindex":0},"down":{"uv":[4.03125,11.46875,3.625,11.71875],"rotation":0,"texture":"#1","tintindex":0}}},{"from":[6.56,-4.9942865,3.1999998],"to":[9.440001,-1.8742867,5.84],"rotation":{"angle":-22.5,"axis":"x","origin":[7.52,-0.43428612,3.6799998]},"faces":{"east":{"uv":[10.5,12.34375,10.65625,12.5],"rotation":0,"texture":"#1","tintindex":0},"south":{"uv":[10.84375,12.34375,11.0,12.5],"rotation":0,"texture":"#1","tintindex":0},"north":{"uv":[10.34375,12.34375,10.5,12.5],"rotation":0,"texture":"#1","tintindex":0},"west":{"uv":[11.0,12.34375,11.15625,12.5],"rotation":0,"texture":"#1","tintindex":0},"up":{"uv":[12.5,11.21875,12.34375,11.0625],"rotation":0,"texture":"#1","tintindex":0},"down":{"uv":[11.3125,12.34375,11.15625,12.5],"rotation":0,"texture":"#1","tintindex":0}}},{"from":[8.96,-1.1542864,1.2799997],"to":[11.360001,2.6857138,3.4399996],"rotation":{"angle":-22.5,"axis":"x","origin":[8.0,-0.43428612,3.6799998]},"faces":{"east":{"uv":[9.0625,10.625,9.1875,10.84375],"rotation":0,"texture":"#1","tintindex":0},"south":{"uv":[8.6875,10.6875,8.8125,10.90625],"rotation":0,"texture":"#1","tintindex":0},"north":{"uv":[1.125,9.125,1.25,9.34375],"rotation":0,"texture":"#1","tintindex":0},"west":{"uv":[6.28125,10.71875,6.40625,10.9375],"rotation":0,"texture":"#1","tintindex":0},"up":{"uv":[11.15625,3.4375,11.03125,3.3125],"rotation":0,"texture":"#1","tintindex":0},"down":{"uv":[11.1875,1.84375,11.0625,1.96875],"rotation":0,"texture":"#1","tintindex":0}}},{"from":[4.64,-1.1542864,1.2799997],"to":[7.04,2.6857138,3.4399996],"rotation":{"angle":-22.5,"axis":"x","origin":[8.0,-0.43428612,3.6799998]},"faces":{"east":{"uv":[5.5625,11.46875,5.6875,11.6875],"rotation":0,"texture":"#1","tintindex":0},"south":{"uv":[2.875,11.9375,3.0,12.15625],"rotation":0,"texture":"#1","tintindex":0},"north":{"uv":[8.6875,10.90625,8.8125,11.125],"rotation":0,"texture":"#1","tintindex":0},"west":{"uv":[1.28125,12.125,1.40625,12.34375],"rotation":0,"texture":"#1","tintindex":0},"up":{"uv":[11.1875,2.3125,11.0625,2.1875],"rotation":0,"texture":"#1","tintindex":0},"down":{"uv":[11.46875,11.0625,11.34375,11.1875],"rotation":0,"texture":"#1","tintindex":0}}}],"display":{"head":{"translation":[0.0,-6.4,0.0],"scale":[4.0,4.0,4.0]}}}