{"textures":{"1":"modelengine:entity/toro_wither_terror"},"elements":[{"from":[5.485714,5.711527,5.3116245],"to":[10.285714,10.854384,10.111625],"rotation":{"angle":0.0,"axis":"y","origin":[7.885714,8.282956,7.7116246]},"faces":{"east":{"uv":[5.15625,12.125,5.375,12.375],"rotation":0,"texture":"#1","tintindex":0},"south":{"uv":[12.125,6.90625,12.34375,7.15625],"rotation":0,"texture":"#1","tintindex":0},"north":{"uv":[12.125,4.46875,12.34375,4.71875],"rotation":0,"texture":"#1","tintindex":0},"west":{"uv":[12.125,7.15625,12.34375,7.40625],"rotation":0,"texture":"#1","tintindex":0},"up":{"uv":[12.5,4.9375,12.28125,4.71875],"rotation":0,"texture":"#1","tintindex":0},"down":{"uv":[12.5,5.46875,12.28125,5.6875],"rotation":0,"texture":"#1","tintindex":0}}},{"from":[6.5142856,7.940099,-4.4598045],"to":[9.6,11.36867,6.1687675],"rotation":{"angle":22.5,"axis":"x","origin":[8.228572,8.111527,2.2259107]},"faces":{"east":{"uv":[11.6875,0.84375,12.1875,1.0],"rotation":0,"texture":"#1","tintindex":0},"south":{"uv":[9.3125,12.34375,9.46875,12.5],"rotation":0,"texture":"#1","tintindex":0},"north":{"uv":[8.375,12.34375,8.53125,12.5],"rotation":0,"texture":"#1","tintindex":0},"west":{"uv":[11.75,5.15625,12.25,5.3125],"rotation":0,"texture":"#1","tintindex":0},"up":{"uv":[6.34375,12.25,6.1875,11.75],"rotation":0,"texture":"#1","tintindex":0},"down":{"uv":[6.5,11.75,6.34375,12.25],"rotation":0,"texture":"#1","tintindex":0}}},{"from":[6.6857142,11.540098,-13.031233],"to":[9.428572,14.96867,-0.002661705],"rotation":{"angle":-22.5,"axis":"x","origin":[8.228572,8.111527,2.2259107]},"faces":{"east":{"uv":[11.46875,3.09375,12.0625,3.25],"rotation":0,"texture":"#1","tintindex":0},"south":{"uv":[12.375,8.71875,12.5,8.875],"rotation":0,"texture":"#1","tintindex":0},"north":{"uv":[12.375,8.03125,12.5,8.1875],"rotation":0,"texture":"#1","tintindex":0},"west":{"uv":[11.46875,10.0625,12.0625,10.21875],"rotation":0,"texture":"#1","tintindex":0},"up":{"uv":[0.8125,6.28125,0.6875,5.6875],"rotation":0,"texture":"#1","tintindex":0},"down":{"uv":[2.59375,6.375,2.46875,6.96875],"rotation":0,"texture":"#1","tintindex":0}}}],"display":{"head":{"translation":[0.0,-6.4,0.0],"scale":[4.0,4.0,4.0]}}}