{"textures":{"1":"modelengine:entity/toro_wither_terror"},"elements":[{"from":[-0.76829815,6.4190965,6.3947535],"to":[8.145988,9.161954,9.823325],"rotation":{"angle":0.0,"axis":"y","origin":[-49.796875,24.24767,24.223326]},"faces":{"east":{"uv":[0.75,8.28125,0.59375,8.40625],"rotation":0,"texture":"#1","tintindex":0},"south":{"uv":[9.78125,1.375,9.375,1.5],"rotation":0,"texture":"#1","tintindex":0},"north":{"uv":[6.4375,2.875,6.03125,3.0],"rotation":0,"texture":"#1","tintindex":0},"west":{"uv":[6.03125,8.1875,5.875,8.3125],"rotation":0,"texture":"#1","tintindex":0},"up":{"uv":[6.625,0.5625,7.03125,0.40625],"rotation":0,"texture":"#1","tintindex":0},"down":{"uv":[7.0625,1.21875,7.46875,1.375],"rotation":0,"texture":"#1","tintindex":0}}},{"from":[5.403131,5.733382,5.023325],"to":[9.517417,9.847668,10.50904],"rotation":{"angle":22.5,"axis":"z","origin":[7.117417,7.790525,7.7661824]},"faces":{"east":{"uv":[9.5625,4.625,9.3125,4.8125],"rotation":0,"texture":"#1","tintindex":0},"south":{"uv":[10.34375,12.3125,10.15625,12.5],"rotation":0,"texture":"#1","tintindex":0},"north":{"uv":[12.5,6.09375,12.3125,6.28125],"rotation":0,"texture":"#1","tintindex":0},"west":{"uv":[5.21875,8.0,4.96875,8.1875],"rotation":0,"texture":"#1","tintindex":0},"up":{"uv":[9.125,12.46875,9.3125,12.21875],"rotation":0,"texture":"#1","tintindex":0},"down":{"uv":[8.59375,12.25,8.78125,12.5],"rotation":0,"texture":"#1","tintindex":0}}},{"from":[-8.311155,5.390525,7.080468],"to":[0.08884525,7.790525,9.309039],"rotation":{"angle":22.5,"axis":"z","origin":[-3.1682987,7.790525,8.109039]},"faces":{"east":{"uv":[6.125,8.1875,6.03125,8.3125],"rotation":0,"texture":"#1","tintindex":0},"south":{"uv":[11.625,3.53125,11.25,3.65625],"rotation":0,"texture":"#1","tintindex":0},"north":{"uv":[10.40625,9.4375,10.03125,9.5625],"rotation":0,"texture":"#1","tintindex":0},"west":{"uv":[6.53125,2.875,6.4375,3.0],"rotation":0,"texture":"#1","tintindex":0},"up":{"uv":[7.8125,5.375,8.1875,5.28125],"rotation":0,"texture":"#1","tintindex":0},"down":{"uv":[8.09375,1.125,8.46875,1.21875],"rotation":0,"texture":"#1","tintindex":0}}}],"display":{"head":{"translation":[0.0,-6.4,0.0],"scale":[4.0,4.0,4.0]}}}