{"textures":{"1":"modelengine:entity/toro_wither_terror"},"elements":[{"from":[1.8285708,-0.44168186,3.6855116],"to":[14.171429,7.78689,26.142654],"rotation":{"angle":22.5,"axis":"x","origin":[8.0,3.672604,14.9140835]},"faces":{"east":{"uv":[2.46875,7.5,3.5,7.875],"rotation":0,"texture":"#1","tintindex":0},"south":{"uv":[9.625,0.25,10.1875,0.625],"rotation":0,"texture":"#1","tintindex":0},"north":{"uv":[9.5625,4.90625,10.125,5.28125],"rotation":0,"texture":"#1","tintindex":0},"west":{"uv":[7.53125,1.21875,8.5625,1.59375],"rotation":0,"texture":"#1","tintindex":0},"up":{"uv":[6.34375,6.40625,5.78125,5.375],"rotation":0,"texture":"#1","tintindex":0},"down":{"uv":[6.53125,3.0,5.96875,4.03125],"rotation":0,"texture":"#1","tintindex":0}}},{"from":[4.4685717,-6.174202,14.344728],"to":[9.611428,5.1400847,20.001871],"rotation":{"angle":45.0,"axis":"z","origin":[-1.1885719,-3.431345,14.8590145]},"faces":{"east":{"uv":[4.71875,10.53125,4.96875,11.0625],"rotation":0,"texture":"#1","tintindex":0},"south":{"uv":[10.59375,1.15625,10.84375,1.6875],"rotation":0,"texture":"#1","tintindex":0},"north":{"uv":[1.8125,8.84375,2.0625,9.375],"rotation":0,"texture":"#1","tintindex":0},"west":{"uv":[3.0625,10.59375,3.3125,11.125],"rotation":0,"texture":"#1","tintindex":0},"up":{"uv":[12.28125,10.0625,12.03125,9.8125],"rotation":0,"texture":"#1","tintindex":0},"down":{"uv":[12.28125,10.8125,12.03125,11.0625],"rotation":0,"texture":"#1","tintindex":0}}},{"from":[-1.4589434,6.2058177,13.316156],"to":[2.1410575,19.062962,17.087585],"rotation":{"angle":-22.5,"axis":"x","origin":[-5.916086,12.205818,16.5733]},"faces":{"east":{"uv":[9.1875,11.25,9.375,11.84375],"rotation":0,"texture":"#1","tintindex":0},"south":{"uv":[0.34375,9.875,0.5,10.46875],"rotation":0,"texture":"#1","tintindex":0},"north":{"uv":[4.34375,0.625,4.5,1.21875],"rotation":0,"texture":"#1","tintindex":0},"west":{"uv":[10.28125,11.28125,10.46875,11.875],"rotation":0,"texture":"#1","tintindex":0},"up":{"uv":[5.6875,12.53125,5.53125,12.34375],"rotation":0,"texture":"#1","tintindex":0},"down":{"uv":[12.5,6.90625,12.34375,7.09375],"rotation":0,"texture":"#1","tintindex":0}}},{"from":[13.858942,6.2058177,13.316156],"to":[17.458942,19.062962,17.087585],"rotation":{"angle":-22.5,"axis":"x","origin":[21.916086,12.205818,16.5733]},"faces":{"east":{"uv":[2.0625,11.3125,2.25,11.90625],"rotation":0,"texture":"#1","tintindex":0},"south":{"uv":[1.25,11.53125,1.40625,12.125],"rotation":0,"texture":"#1","tintindex":0},"north":{"uv":[10.03125,11.5,10.1875,12.09375],"rotation":0,"texture":"#1","tintindex":0},"west":{"uv":[11.4375,1.15625,11.625,1.75],"rotation":0,"texture":"#1","tintindex":0},"up":{"uv":[7.15625,12.53125,7.0,12.34375],"rotation":0,"texture":"#1","tintindex":0},"down":{"uv":[12.5,7.09375,12.34375,7.28125],"rotation":0,"texture":"#1","tintindex":0}}},{"from":[6.3885713,-6.174202,14.344728],"to":[11.531428,5.1400847,20.001871],"rotation":{"angle":-45.0,"axis":"z","origin":[17.188572,-3.431345,14.8590145]},"faces":{"east":{"uv":[10.65625,2.90625,10.90625,3.4375],"rotation":0,"texture":"#1","tintindex":0},"south":{"uv":[2.65625,10.6875,2.90625,11.21875],"rotation":0,"texture":"#1","tintindex":0},"north":{"uv":[8.8125,10.625,9.0625,11.15625],"rotation":0,"texture":"#1","tintindex":0},"west":{"uv":[6.90625,10.6875,7.15625,11.21875],"rotation":0,"texture":"#1","tintindex":0},"up":{"uv":[12.3125,0.5625,12.0625,0.3125],"rotation":0,"texture":"#1","tintindex":0},"down":{"uv":[12.3125,3.0,12.0625,3.25],"rotation":0,"texture":"#1","tintindex":0}}}],"display":{"head":{"translation":[0.0,-6.4,0.0],"scale":[4.0,4.0,4.0]}}}