{"textures":{"0":"modelengine:entity/toro_wither"},"elements":[{"from":[-2.896,1.5079999,8.294],"to":[23.312,5.54,12.326],"rotation":{"angle":0.0,"axis":"y","origin":[28.352001,-11.596001,-11.866001]},"faces":{"east":{"uv":[7.78125,3.875,8.03125,4.125],"rotation":0,"texture":"#0","tintindex":0},"south":{"uv":[1.3125,1.5625,3.03125,1.8125],"rotation":0,"texture":"#0","tintindex":0},"north":{"uv":[1.3125,1.3125,3.03125,1.5625],"rotation":0,"texture":"#0","tintindex":0},"west":{"uv":[7.78125,4.125,8.03125,4.375],"rotation":0,"texture":"#0","tintindex":0},"up":{"uv":[3.53125,0.25,1.8125,0.0],"rotation":0,"texture":"#0","tintindex":0},"down":{"uv":[3.53125,0.25,1.8125,0.5],"rotation":0,"texture":"#0","tintindex":0}}},{"from":[-16.0,2.5159998,9.302],"to":[10.208,6.044,12.578],"rotation":{"angle":0.0,"axis":"y","origin":[28.352001,-11.596001,-11.866001]},"faces":{"east":{"uv":[3.0,8.1875,3.21875,8.40625],"rotation":0,"texture":"#0","tintindex":0},"south":{"uv":[1.125,2.28125,2.84375,2.5],"rotation":0,"texture":"#0","tintindex":0},"north":{"uv":[1.125,2.0625,2.84375,2.28125],"rotation":0,"texture":"#0","tintindex":0},"west":{"uv":[3.46875,8.1875,3.6875,8.40625],"rotation":0,"texture":"#0","tintindex":0},"up":{"uv":[2.84375,2.71875,1.125,2.5],"rotation":0,"texture":"#0","tintindex":0},"down":{"uv":[1.71875,2.71875,0.0,2.9375],"rotation":0,"texture":"#0","tintindex":0}}},{"from":[18.272,-0.5080004,3.2540002],"to":[25.328,7.5559998,10.31],"rotation":{"angle":0.0,"axis":"y","origin":[28.352001,-11.596001,-11.866001]},"faces":{"east":{"uv":[3.53125,0.0,4.0,0.53125],"rotation":0,"texture":"#0","tintindex":0},"south":{"uv":[3.53125,0.53125,4.0,1.0625],"rotation":0,"texture":"#0","tintindex":0},"north":{"uv":[3.1875,3.4375,3.65625,3.96875],"rotation":0,"texture":"#0","tintindex":0},"west":{"uv":[3.65625,3.4375,4.125,3.96875],"rotation":0,"texture":"#0","tintindex":0},"up":{"uv":[3.71875,5.125,3.25,4.65625],"rotation":0,"texture":"#0","tintindex":0},"down":{"uv":[4.1875,4.65625,3.71875,5.125],"rotation":0,"texture":"#0","tintindex":0}}}],"display":{"head":{"translation":[-57.888,-6.4,0.0],"scale":[4.0,4.0,4.0]}}}