{"textures":{"0":"modelengine:entity/toro_wither"},"elements":[{"from":[-10.120001,2.3257136,3.821588],"to":[27.32,4.485714,7.0615883],"rotation":{"angle":0.0,"axis":"y","origin":[-74.920006,-20.714287,-26.418411]},"faces":{"east":{"uv":[5.5,5.96875,5.65625,6.0625],"rotation":0,"texture":"#0","tintindex":0},"south":{"uv":[5.375,3.40625,7.09375,3.5],"rotation":0,"texture":"#0","tintindex":0},"north":{"uv":[5.375,3.3125,7.09375,3.40625],"rotation":0,"texture":"#0","tintindex":0},"west":{"uv":[3.90625,6.125,4.0625,6.21875],"rotation":0,"texture":"#0","tintindex":0},"up":{"uv":[4.90625,3.28125,3.1875,3.125],"rotation":0,"texture":"#0","tintindex":0},"down":{"uv":[4.90625,3.28125,3.1875,3.4375],"rotation":0,"texture":"#0","tintindex":0}}},{"from":[-10.120001,-0.554286,5.261588],"to":[21.56,1.6057143,8.501588],"rotation":{"angle":0.0,"axis":"y","origin":[-74.920006,-20.714287,-26.418411]},"faces":{"east":{"uv":[2.125,6.25,2.28125,6.34375],"rotation":0,"texture":"#0","tintindex":0},"south":{"uv":[5.9375,4.03125,7.375,4.125],"rotation":0,"texture":"#0","tintindex":0},"north":{"uv":[5.9375,0.4375,7.375,0.53125],"rotation":0,"texture":"#0","tintindex":0},"west":{"uv":[2.28125,6.25,2.4375,6.34375],"rotation":0,"texture":"#0","tintindex":0},"up":{"uv":[6.0625,0.84375,4.625,0.6875],"rotation":0,"texture":"#0","tintindex":0},"down":{"uv":[6.0625,0.84375,4.625,1.0],"rotation":0,"texture":"#0","tintindex":0}}},{"from":[10.039999,0.88571405,5.621588],"to":[32.0,3.045714,7.781588],"rotation":{"angle":0.0,"axis":"y","origin":[-74.920006,-20.714287,-26.418411]},"faces":{"east":{"uv":[8.0,7.78125,8.09375,7.875],"rotation":0,"texture":"#0","tintindex":0},"south":{"uv":[7.15625,6.3125,8.15625,6.40625],"rotation":0,"texture":"#0","tintindex":0},"north":{"uv":[7.15625,2.21875,8.15625,2.3125],"rotation":0,"texture":"#0","tintindex":0},"west":{"uv":[3.46875,8.03125,3.5625,8.125],"rotation":0,"texture":"#0","tintindex":0},"up":{"uv":[8.15625,6.5,7.15625,6.40625],"rotation":0,"texture":"#0","tintindex":0},"down":{"uv":[8.15625,6.5,7.15625,6.59375],"rotation":0,"texture":"#0","tintindex":0}}},{"from":[-14.440002,-0.07428646,6.701588],"to":[-4.3600006,4.0057144,9.701589],"rotation":{"angle":0.0,"axis":"y","origin":[-74.920006,-20.714287,-26.418411]},"faces":{"east":{"uv":[8.75,3.75,8.875,3.9375],"rotation":0,"texture":"#0","tintindex":0},"south":{"uv":[7.375,1.0,7.84375,1.1875],"rotation":0,"texture":"#0","tintindex":0},"north":{"uv":[7.375,0.8125,7.84375,1.0],"rotation":0,"texture":"#0","tintindex":0},"west":{"uv":[8.75,4.96875,8.875,5.15625],"rotation":0,"texture":"#0","tintindex":0},"up":{"uv":[3.09375,8.03125,2.625,7.90625],"rotation":0,"texture":"#0","tintindex":0},"down":{"uv":[3.5625,7.90625,3.09375,8.03125],"rotation":0,"texture":"#0","tintindex":0}}},{"from":[-7.6000013,0.88571405,8.621588],"to":[2.4799995,3.045714,12.341589],"rotation":{"angle":22.5,"axis":"y","origin":[-9.400002,1.965714,11.921589]},"faces":{"east":{"uv":[6.5,5.3125,6.65625,5.40625],"rotation":0,"texture":"#0","tintindex":0},"south":{"uv":[8.34375,4.15625,8.8125,4.25],"rotation":0,"texture":"#0","tintindex":0},"north":{"uv":[8.34375,4.0625,8.8125,4.15625],"rotation":0,"texture":"#0","tintindex":0},"west":{"uv":[7.375,0.4375,7.53125,0.53125],"rotation":0,"texture":"#0","tintindex":0},"up":{"uv":[8.0625,4.5625,7.59375,4.40625],"rotation":0,"texture":"#0","tintindex":0},"down":{"uv":[8.09375,0.1875,7.625,0.34375],"rotation":0,"texture":"#0","tintindex":0}}}],"display":{"head":{"translation":[71.75339,-6.4,0.0],"scale":[4.0,4.0,4.0]}}}