{"textures":{"1":"modelengine:entity/volkumos_mage"},"elements":[{"from":[7.857143,1.159246,9.518777],"to":[10.142858,6.873532,11.804491],"rotation":{"angle":22.5,"axis":"x","origin":[10.857143,15.60375,14.0235405]},"faces":{"east":{"uv":[11.0,5.75,11.5,7.0],"rotation":0,"texture":"#1","tintindex":0},"south":{"uv":[0.5,11.125,1.0,12.375],"rotation":0,"texture":"#1","tintindex":0},"north":{"uv":[0.0,11.0,0.5,12.25],"rotation":0,"texture":"#1","tintindex":0},"west":{"uv":[1.0,11.125,1.5,12.375],"rotation":0,"texture":"#1","tintindex":0},"up":{"uv":[11.0,12.625,10.5,12.125],"rotation":0,"texture":"#1","tintindex":0},"down":{"uv":[12.625,10.625,12.125,11.125],"rotation":0,"texture":"#1","tintindex":0}}},{"from":[7.142857,1.8894644,2.02354],"to":[10.571428,4.7466073,7.1663976],"rotation":{"angle":0.0,"axis":"y","origin":[10.857143,15.60375,14.0235405]},"faces":{"east":{"uv":[10.5,8.875,11.625,9.5],"rotation":0,"texture":"#1","tintindex":0},"south":{"uv":[8.75,11.75,9.5,12.375],"rotation":0,"texture":"#1","tintindex":0},"north":{"uv":[2.375,7.125,3.125,7.75],"rotation":0,"texture":"#1","tintindex":0},"west":{"uv":[10.5,9.5,11.625,10.125],"rotation":0,"texture":"#1","tintindex":0},"up":{"uv":[3.5,11.5,2.75,10.375],"rotation":0,"texture":"#1","tintindex":0},"down":{"uv":[11.125,10.125,10.375,11.25],"rotation":0,"texture":"#1","tintindex":0}}}],"display":{"head":{"translation":[0.0,-6.4,0.0],"scale":[4.0,4.0,4.0]}}}