{"textures":{"0":"modelengine:entity/toro_wither"},"elements":[{"from":[-11.32,2.3257136,3.821588],"to":[26.12,4.485714,7.0615883],"rotation":{"angle":0.0,"axis":"y","origin":[90.920006,-20.714287,-26.418411]},"faces":{"east":{"uv":[1.125,1.96875,1.28125,2.0625],"rotation":0,"texture":"#0","tintindex":0},"south":{"uv":[5.375,0.5625,7.09375,0.65625],"rotation":0,"texture":"#0","tintindex":0},"north":{"uv":[5.3125,2.40625,7.03125,2.5],"rotation":0,"texture":"#0","tintindex":0},"west":{"uv":[4.71875,3.03125,4.875,3.125],"rotation":0,"texture":"#0","tintindex":0},"up":{"uv":[4.75,1.78125,3.03125,1.625],"rotation":0,"texture":"#0","tintindex":0},"down":{"uv":[4.75,1.78125,3.03125,1.9375],"rotation":0,"texture":"#0","tintindex":0}}},{"from":[-5.5599995,-0.554286,5.261588],"to":[26.12,1.6057143,8.501588],"rotation":{"angle":0.0,"axis":"y","origin":[90.920006,-20.714287,-26.418411]},"faces":{"east":{"uv":[5.78125,1.46875,5.9375,1.5625],"rotation":0,"texture":"#0","tintindex":0},"south":{"uv":[5.875,2.3125,7.3125,2.40625],"rotation":0,"texture":"#0","tintindex":0},"north":{"uv":[3.03125,1.9375,4.46875,2.03125],"rotation":0,"texture":"#0","tintindex":0},"west":{"uv":[5.9375,1.46875,6.09375,1.5625],"rotation":0,"texture":"#0","tintindex":0},"up":{"uv":[5.9375,4.21875,4.5,4.0625],"rotation":0,"texture":"#0","tintindex":0},"down":{"uv":[6.0,2.5625,4.5625,2.71875],"rotation":0,"texture":"#0","tintindex":0}}},{"from":[-16.0,0.88571405,5.621588],"to":[5.960001,3.045714,7.781588],"rotation":{"angle":0.0,"axis":"y","origin":[90.920006,-20.714287,-26.418411]},"faces":{"east":{"uv":[7.5625,5.25,7.65625,5.34375],"rotation":0,"texture":"#0","tintindex":0},"south":{"uv":[7.03125,2.40625,8.03125,2.5],"rotation":0,"texture":"#0","tintindex":0},"north":{"uv":[3.53125,1.125,4.53125,1.21875],"rotation":0,"texture":"#0","tintindex":0},"west":{"uv":[0.59375,7.59375,0.6875,7.6875],"rotation":0,"texture":"#0","tintindex":0},"up":{"uv":[8.09375,0.625,7.09375,0.53125],"rotation":0,"texture":"#0","tintindex":0},"down":{"uv":[8.15625,2.125,7.15625,2.21875],"rotation":0,"texture":"#0","tintindex":0}}},{"from":[20.36,-0.07428646,6.701588],"to":[30.440002,4.0057144,9.701589],"rotation":{"angle":0.0,"axis":"y","origin":[90.920006,-20.714287,-26.418411]},"faces":{"east":{"uv":[1.90625,8.75,2.03125,8.9375],"rotation":0,"texture":"#0","tintindex":0},"south":{"uv":[7.34375,6.09375,7.8125,6.28125],"rotation":0,"texture":"#0","tintindex":0},"north":{"uv":[7.34375,5.90625,7.8125,6.09375],"rotation":0,"texture":"#0","tintindex":0},"west":{"uv":[8.75,2.0625,8.875,2.25],"rotation":0,"texture":"#0","tintindex":0},"up":{"uv":[8.34375,7.625,7.875,7.5],"rotation":0,"texture":"#0","tintindex":0},"down":{"uv":[2.625,7.90625,2.15625,8.03125],"rotation":0,"texture":"#0","tintindex":0}}},{"from":[13.52,0.88571405,8.621588],"to":[23.600002,3.045714,12.341589],"rotation":{"angle":-22.5,"axis":"y","origin":[25.400002,1.965714,11.921589]},"faces":{"east":{"uv":[5.9375,3.5,6.09375,3.59375],"rotation":0,"texture":"#0","tintindex":0},"south":{"uv":[8.34375,3.0,8.8125,3.09375],"rotation":0,"texture":"#0","tintindex":0},"north":{"uv":[8.3125,8.09375,8.78125,8.1875],"rotation":0,"texture":"#0","tintindex":0},"west":{"uv":[5.9375,4.125,6.09375,4.21875],"rotation":0,"texture":"#0","tintindex":0},"up":{"uv":[8.0,3.5,7.53125,3.34375],"rotation":0,"texture":"#0","tintindex":0},"down":{"uv":[8.0625,3.5,7.59375,3.65625],"rotation":0,"texture":"#0","tintindex":0}}}],"display":{"head":{"translation":[-71.75339,-6.4,0.0],"scale":[4.0,4.0,4.0]}}}