{"textures":{"0":"modelengine:entity/toro_wither"},"elements":[{"from":[-7.3120003,1.5079999,8.294],"to":[18.896,5.54,12.326],"rotation":{"angle":0.0,"axis":"y","origin":[-12.352001,-11.596001,-11.866001]},"faces":{"east":{"uv":[4.78125,7.78125,5.03125,8.03125],"rotation":0,"texture":"#0","tintindex":0},"south":{"uv":[1.8125,0.75,3.53125,1.0],"rotation":0,"texture":"#0","tintindex":0},"north":{"uv":[1.8125,0.5,3.53125,0.75],"rotation":0,"texture":"#0","tintindex":0},"west":{"uv":[7.78125,6.59375,8.03125,6.84375],"rotation":0,"texture":"#0","tintindex":0},"up":{"uv":[3.53125,1.25,1.8125,1.0],"rotation":0,"texture":"#0","tintindex":0},"down":{"uv":[3.03125,1.8125,1.3125,2.0625],"rotation":0,"texture":"#0","tintindex":0}}},{"from":[5.792,2.5159998,9.302],"to":[32.0,6.044,12.578],"rotation":{"angle":0.0,"axis":"y","origin":[-12.352001,-11.596001,-11.866001]},"faces":{"east":{"uv":[3.6875,8.1875,3.90625,8.40625],"rotation":0,"texture":"#0","tintindex":0},"south":{"uv":[2.84375,2.0625,4.5625,2.28125],"rotation":0,"texture":"#0","tintindex":0},"north":{"uv":[1.71875,2.71875,3.4375,2.9375],"rotation":0,"texture":"#0","tintindex":0},"west":{"uv":[8.1875,5.375,8.40625,5.59375],"rotation":0,"texture":"#0","tintindex":0},"up":{"uv":[4.5625,2.5,2.84375,2.28125],"rotation":0,"texture":"#0","tintindex":0},"down":{"uv":[4.5625,2.5,2.84375,2.71875],"rotation":0,"texture":"#0","tintindex":0}}},{"from":[-9.327999,-0.5080004,3.2540002],"to":[-2.2719994,7.5559998,10.31],"rotation":{"angle":0.0,"axis":"y","origin":[-12.352001,-11.596001,-11.866001]},"faces":{"east":{"uv":[0.46875,3.6875,0.9375,4.21875],"rotation":0,"texture":"#0","tintindex":0},"south":{"uv":[0.9375,3.6875,1.40625,4.21875],"rotation":0,"texture":"#0","tintindex":0},"north":{"uv":[0.0,3.6875,0.46875,4.21875],"rotation":0,"texture":"#0","tintindex":0},"west":{"uv":[1.40625,3.6875,1.875,4.21875],"rotation":0,"texture":"#0","tintindex":0},"up":{"uv":[4.65625,5.125,4.1875,4.65625],"rotation":0,"texture":"#0","tintindex":0},"down":{"uv":[5.125,4.65625,4.65625,5.125],"rotation":0,"texture":"#0","tintindex":0}}}],"display":{"head":{"translation":[57.888,-6.4,0.0],"scale":[4.0,4.0,4.0]}}}