{"textures":{"0":"modelengine:entity/blaziel"},"elements":[{"from":[18.857143,16.0,5.142857],"to":[23.428572,19.428572,9.714286],"rotation":{"angle":0.0,"axis":"y","origin":[-6.285715,0.5714283,5.714286]},"faces":{"east":{"uv":[3.375,0.5,3.875,0.875],"rotation":0,"texture":"#0","tintindex":0},"south":{"uv":[3.375,0.875,3.875,1.25],"rotation":0,"texture":"#0","tintindex":0},"north":{"uv":[2.875,0.5,3.375,0.875],"rotation":0,"texture":"#0","tintindex":0},"west":{"uv":[2.875,0.875,3.375,1.25],"rotation":0,"texture":"#0","tintindex":0},"up":{"uv":[3.375,0.5,2.875,0.0],"rotation":0,"texture":"#0","tintindex":0},"down":{"uv":[3.875,0.0,3.375,0.5],"rotation":0,"texture":"#0","tintindex":0}}},{"from":[18.857143,-6.8571434,5.142857],"to":[23.428572,-3.4285717,9.714286],"rotation":{"angle":0.0,"axis":"y","origin":[-6.285715,0.5714283,5.714286]},"faces":{"east":{"uv":[4.4375,0.5,4.9375,0.875],"rotation":0,"texture":"#0","tintindex":0},"south":{"uv":[3.9375,0.875,4.4375,1.25],"rotation":0,"texture":"#0","tintindex":0},"north":{"uv":[3.9375,0.5,4.4375,0.875],"rotation":0,"texture":"#0","tintindex":0},"west":{"uv":[4.4375,0.875,4.9375,1.25],"rotation":0,"texture":"#0","tintindex":0},"up":{"uv":[4.4375,0.5,3.9375,0.0],"rotation":0,"texture":"#0","tintindex":0},"down":{"uv":[4.9375,0.0,4.4375,0.5],"rotation":0,"texture":"#0","tintindex":0}}},{"from":[19.428572,-3.4285717,5.714286],"to":[22.857143,16.0,9.142858],"rotation":{"angle":0.0,"axis":"y","origin":[-6.285715,-3.4285717,5.714286]},"faces":{"east":{"uv":[1.75,0.0,2.125,2.125],"rotation":0,"texture":"#0","tintindex":0},"south":{"uv":[2.125,0.0,2.5,2.125],"rotation":0,"texture":"#0","tintindex":0},"north":{"uv":[1.375,0.0,1.75,2.125],"rotation":0,"texture":"#0","tintindex":0},"west":{"uv":[2.5,0.0,2.875,2.125],"rotation":0,"texture":"#0","tintindex":0},"up":{"uv":[9.875,2.9375,9.25,2.3125],"rotation":0,"texture":"#0","tintindex":0},"down":{"uv":[9.875,2.9375,9.25,3.5625],"rotation":0,"texture":"#0","tintindex":0}}}],"display":{"head":{"translation":[0.0,-6.4,0.0],"scale":[4.0,4.0,4.0]}}}