{"textures":{"0":"modelengine:entity/toro_wither"},"elements":[{"from":[3.1999998,-2.8342857,3.1999998],"to":[12.8,1.0057139,8.0],"rotation":{"angle":0.0,"axis":"y","origin":[8.0,-0.43428612,3.6799998]},"faces":{"east":{"uv":[8.375,5.09375,8.59375,5.28125],"rotation":0,"texture":"#0","tintindex":0},"south":{"uv":[7.59375,1.875,8.03125,2.0625],"rotation":0,"texture":"#0","tintindex":0},"north":{"uv":[7.5625,1.1875,8.0,1.375],"rotation":0,"texture":"#0","tintindex":0},"west":{"uv":[8.375,6.28125,8.59375,6.46875],"rotation":0,"texture":"#0","tintindex":0},"up":{"uv":[1.125,7.375,0.6875,7.15625],"rotation":0,"texture":"#0","tintindex":0},"down":{"uv":[7.59375,1.90625,7.15625,2.125],"rotation":0,"texture":"#0","tintindex":0}}},{"from":[4.16,-1.6342869,6.56],"to":[11.84,2.2057137,11.360001],"rotation":{"angle":-45.0,"axis":"x","origin":[8.0,-0.9142866,7.52]},"faces":{"east":{"uv":[8.375,6.78125,8.59375,6.96875],"rotation":0,"texture":"#0","tintindex":0},"south":{"uv":[7.625,0.34375,7.96875,0.53125],"rotation":0,"texture":"#0","tintindex":0},"north":{"uv":[6.75,1.90625,7.09375,2.09375],"rotation":0,"texture":"#0","tintindex":0},"west":{"uv":[0.0,8.40625,0.21875,8.59375],"rotation":0,"texture":"#0","tintindex":0},"up":{"uv":[4.46875,3.96875,4.125,3.75],"rotation":0,"texture":"#0","tintindex":0},"down":{"uv":[6.53125,1.875,6.1875,2.09375],"rotation":0,"texture":"#0","tintindex":0}}},{"from":[6.56,-4.9942865,3.1999998],"to":[9.440001,-1.8742867,5.84],"rotation":{"angle":-22.5,"axis":"x","origin":[7.52,-0.43428612,3.6799998]},"faces":{"east":{"uv":[3.84375,8.78125,3.96875,8.9375],"rotation":0,"texture":"#0","tintindex":0},"south":{"uv":[3.96875,8.78125,4.09375,8.9375],"rotation":0,"texture":"#0","tintindex":0},"north":{"uv":[2.0,4.96875,2.125,5.125],"rotation":0,"texture":"#0","tintindex":0},"west":{"uv":[4.09375,8.78125,4.21875,8.9375],"rotation":0,"texture":"#0","tintindex":0},"up":{"uv":[8.4375,8.9375,8.3125,8.8125],"rotation":0,"texture":"#0","tintindex":0},"down":{"uv":[8.9375,8.3125,8.8125,8.4375],"rotation":0,"texture":"#0","tintindex":0}}},{"from":[8.96,-1.1542864,1.2799997],"to":[11.360001,2.6857138,3.4399996],"rotation":{"angle":-22.5,"axis":"x","origin":[8.0,-0.43428612,3.6799998]},"faces":{"east":{"uv":[7.6875,8.78125,7.78125,8.96875],"rotation":0,"texture":"#0","tintindex":0},"south":{"uv":[7.78125,8.78125,7.875,8.96875],"rotation":0,"texture":"#0","tintindex":0},"north":{"uv":[7.59375,8.78125,7.6875,8.96875],"rotation":0,"texture":"#0","tintindex":0},"west":{"uv":[8.71875,8.78125,8.8125,8.96875],"rotation":0,"texture":"#0","tintindex":0},"up":{"uv":[7.46875,1.28125,7.375,1.1875],"rotation":0,"texture":"#0","tintindex":0},"down":{"uv":[7.5625,1.1875,7.46875,1.28125],"rotation":0,"texture":"#0","tintindex":0}}},{"from":[4.64,-1.1542864,1.2799997],"to":[7.04,2.6857138,3.4399996],"rotation":{"angle":-22.5,"axis":"x","origin":[8.0,-0.43428612,3.6799998]},"faces":{"east":{"uv":[0.96875,8.8125,1.0625,9.0],"rotation":0,"texture":"#0","tintindex":0},"south":{"uv":[1.0625,8.8125,1.15625,9.0],"rotation":0,"texture":"#0","tintindex":0},"north":{"uv":[0.0,8.8125,0.09375,9.0],"rotation":0,"texture":"#0","tintindex":0},"west":{"uv":[1.15625,8.8125,1.25,9.0],"rotation":0,"texture":"#0","tintindex":0},"up":{"uv":[7.5625,5.34375,7.46875,5.25],"rotation":0,"texture":"#0","tintindex":0},"down":{"uv":[7.625,0.4375,7.53125,0.53125],"rotation":0,"texture":"#0","tintindex":0}}}],"display":{"head":{"translation":[0.0,-6.4,0.0],"scale":[4.0,4.0,4.0]}}}