{"textures":{"2":"modelengine:entity/colossus"},"elements":[{"from":[1.9401293,-8.572569,7.428571],"to":[14.511559,11.427431,18.285715],"rotation":{"angle":0.0,"axis":"y","origin":[9.714286,8.571428,6.857143]},"faces":{"east":{"uv":[8.96875,8.8125,9.5625,9.90625],"rotation":0,"texture":"#2","tintindex":0},"south":{"uv":[0.0,8.75,0.6875,9.84375],"rotation":0,"texture":"#2","tintindex":0},"north":{"uv":[4.53125,8.625,5.21875,9.71875],"rotation":0,"texture":"#2","tintindex":0},"west":{"uv":[2.0625,9.03125,2.65625,10.125],"rotation":0,"texture":"#2","tintindex":0},"up":{"uv":[11.5,1.25,10.8125,0.65625],"rotation":0,"texture":"#2","tintindex":0},"down":{"uv":[11.5,3.46875,10.8125,4.0625],"rotation":0,"texture":"#2","tintindex":0}}},{"from":[0.22584343,-8.572569,9.714286],"to":[12.797273,10.856003,20.57143],"rotation":{"angle":0.0,"axis":"y","origin":[9.714286,8.571428,6.857143]},"faces":{"east":{"uv":[2.65625,9.03125,3.25,10.125],"rotation":0,"texture":"#2","tintindex":0},"south":{"uv":[8.8125,5.65625,9.5,6.75],"rotation":0,"texture":"#2","tintindex":0},"north":{"uv":[5.21875,8.8125,5.90625,9.90625],"rotation":0,"texture":"#2","tintindex":0},"west":{"uv":[3.25,9.03125,3.84375,10.125],"rotation":0,"texture":"#2","tintindex":0},"up":{"uv":[11.5,8.5625,10.8125,7.96875],"rotation":0,"texture":"#2","tintindex":0},"down":{"uv":[11.53125,8.5625,10.84375,9.15625],"rotation":0,"texture":"#2","tintindex":0}}},{"from":[-1.4884415,-1.7154264,14.285715],"to":[18.511559,18.284575,28.57143],"rotation":{"angle":0.0,"axis":"y","origin":[9.714286,8.571428,6.857143]},"faces":{"east":{"uv":[4.6875,7.53125,5.46875,8.625],"rotation":0,"texture":"#2","tintindex":0},"south":{"uv":[5.84375,2.4375,6.9375,3.53125],"rotation":0,"texture":"#2","tintindex":0},"north":{"uv":[2.9375,5.53125,4.03125,6.625],"rotation":0,"texture":"#2","tintindex":0},"west":{"uv":[0.0,7.65625,0.78125,8.75],"rotation":0,"texture":"#2","tintindex":0},"up":{"uv":[8.8125,7.25,7.71875,6.46875],"rotation":0,"texture":"#2","tintindex":0},"down":{"uv":[8.8125,7.25,7.71875,8.03125],"rotation":0,"texture":"#2","tintindex":0}}},{"from":[-3.2027273,0.5702877,16.57143],"to":[15.082987,20.57029,30.857143],"rotation":{"angle":0.0,"axis":"y","origin":[9.714286,8.571428,6.857143]},"faces":{"east":{"uv":[7.8125,1.0,8.59375,2.09375],"rotation":0,"texture":"#2","tintindex":0},"south":{"uv":[5.03125,6.4375,6.03125,7.53125],"rotation":0,"texture":"#2","tintindex":0},"north":{"uv":[6.1875,5.65625,7.1875,6.75],"rotation":0,"texture":"#2","tintindex":0},"west":{"uv":[7.8125,2.09375,8.59375,3.1875],"rotation":0,"texture":"#2","tintindex":0},"up":{"uv":[9.15625,5.65625,8.15625,4.875],"rotation":0,"texture":"#2","tintindex":0},"down":{"uv":[9.15625,8.03125,8.15625,8.8125],"rotation":0,"texture":"#2","tintindex":0}}}],"display":{"head":{"translation":[0.0,-6.4,0.0],"scale":[4.0,4.0,4.0]}}}