{"textures":{"2":"modelengine:entity/colossus"},"elements":[{"from":[1.9401293,-8.572569,-2.285715],"to":[14.511559,11.427431,8.571428],"rotation":{"angle":0.0,"axis":"y","origin":[9.714286,8.571428,9.142858]},"faces":{"east":{"uv":[9.5625,8.8125,8.96875,9.90625],"rotation":0,"texture":"#2","tintindex":0},"south":{"uv":[5.21875,8.625,4.53125,9.71875],"rotation":0,"texture":"#2","tintindex":0},"north":{"uv":[0.6875,8.75,0.0,9.84375],"rotation":0,"texture":"#2","tintindex":0},"west":{"uv":[2.65625,9.03125,2.0625,10.125],"rotation":0,"texture":"#2","tintindex":0},"up":{"uv":[11.5,0.65625,10.8125,1.25],"rotation":0,"texture":"#2","tintindex":0},"down":{"uv":[11.5,4.0625,10.8125,3.46875],"rotation":0,"texture":"#2","tintindex":0}}},{"from":[0.22584343,-8.572569,-4.5714293],"to":[12.797273,10.856003,6.285714],"rotation":{"angle":0.0,"axis":"y","origin":[9.714286,8.571428,9.142858]},"faces":{"east":{"uv":[3.25,9.03125,2.65625,10.125],"rotation":0,"texture":"#2","tintindex":0},"south":{"uv":[5.90625,8.8125,5.21875,9.90625],"rotation":0,"texture":"#2","tintindex":0},"north":{"uv":[9.5,5.65625,8.8125,6.75],"rotation":0,"texture":"#2","tintindex":0},"west":{"uv":[3.84375,9.03125,3.25,10.125],"rotation":0,"texture":"#2","tintindex":0},"up":{"uv":[11.5,7.96875,10.8125,8.5625],"rotation":0,"texture":"#2","tintindex":0},"down":{"uv":[11.53125,9.15625,10.84375,8.5625],"rotation":0,"texture":"#2","tintindex":0}}},{"from":[-1.4884415,-1.7154264,-12.57143],"to":[18.511559,18.284575,1.7142854],"rotation":{"angle":0.0,"axis":"y","origin":[9.714286,8.571428,9.142858]},"faces":{"east":{"uv":[5.46875,7.53125,4.6875,8.625],"rotation":0,"texture":"#2","tintindex":0},"south":{"uv":[4.03125,5.53125,2.9375,6.625],"rotation":0,"texture":"#2","tintindex":0},"north":{"uv":[6.9375,2.4375,5.84375,3.53125],"rotation":0,"texture":"#2","tintindex":0},"west":{"uv":[0.78125,7.65625,0.0,8.75],"rotation":0,"texture":"#2","tintindex":0},"up":{"uv":[8.8125,6.46875,7.71875,7.25],"rotation":0,"texture":"#2","tintindex":0},"down":{"uv":[8.8125,8.03125,7.71875,7.25],"rotation":0,"texture":"#2","tintindex":0}}},{"from":[-3.2027273,0.5702877,-14.857143],"to":[15.082987,20.57029,-0.57142925],"rotation":{"angle":0.0,"axis":"y","origin":[9.714286,8.571428,9.142858]},"faces":{"east":{"uv":[8.59375,1.0,7.8125,2.09375],"rotation":0,"texture":"#2","tintindex":0},"south":{"uv":[7.1875,5.65625,6.1875,6.75],"rotation":0,"texture":"#2","tintindex":0},"north":{"uv":[6.03125,6.4375,5.03125,7.53125],"rotation":0,"texture":"#2","tintindex":0},"west":{"uv":[8.59375,2.09375,7.8125,3.1875],"rotation":0,"texture":"#2","tintindex":0},"up":{"uv":[9.15625,4.875,8.15625,5.65625],"rotation":0,"texture":"#2","tintindex":0},"down":{"uv":[9.15625,8.8125,8.15625,8.03125],"rotation":0,"texture":"#2","tintindex":0}}}],"display":{"head":{"translation":[0.0,-6.4,0.0],"scale":[4.0,4.0,4.0]}}}