{"textures":{"2":"modelengine:entity/colossus"},"elements":[{"from":[1.3102245,-15.636549,20.0],"to":[7.595939,-7.0651207,28.0],"rotation":{"angle":45.0,"axis":"z","origin":[4.5714283,-10.285715,24.57143]},"faces":{"east":{"uv":[3.46875,12.4375,3.90625,12.90625],"rotation":0,"texture":"#2","tintindex":0},"south":{"uv":[9.4375,12.78125,9.78125,13.25],"rotation":0,"texture":"#2","tintindex":0},"north":{"uv":[12.78125,8.65625,13.125,9.125],"rotation":0,"texture":"#2","tintindex":0},"west":{"uv":[12.46875,2.78125,12.90625,3.25],"rotation":0,"texture":"#2","tintindex":0},"up":{"uv":[4.25,13.25,3.90625,12.8125],"rotation":0,"texture":"#2","tintindex":0},"down":{"uv":[6.09375,12.875,5.75,13.3125],"rotation":0,"texture":"#2","tintindex":0}}},{"from":[-0.57142925,-13.714287,18.857143],"to":[6.285714,6.857143,28.0],"rotation":{"angle":0.0,"axis":"y","origin":[-6.285715,-36.57143,8.0]},"faces":{"east":{"uv":[9.5,5.59375,10.0,6.71875],"rotation":0,"texture":"#2","tintindex":0},"south":{"uv":[5.46875,10.59375,5.84375,11.71875],"rotation":0,"texture":"#2","tintindex":0},"north":{"uv":[5.09375,10.59375,5.46875,11.71875],"rotation":0,"texture":"#2","tintindex":0},"west":{"uv":[9.5625,8.65625,10.0625,9.78125],"rotation":0,"texture":"#2","tintindex":0},"up":{"uv":[11.0,13.15625,10.625,12.65625],"rotation":0,"texture":"#2","tintindex":0},"down":{"uv":[11.90625,12.65625,11.53125,13.15625],"rotation":0,"texture":"#2","tintindex":0}}},{"from":[0.0,-15.428572,28.57143],"to":[6.2285714,-5.1428576,30.857143],"rotation":{"angle":-22.5,"axis":"x","origin":[-0.57142925,-12.57143,21.714287]},"faces":{"east":{"uv":[4.40625,9.03125,4.53125,9.59375],"rotation":0,"texture":"#2","tintindex":0},"south":{"uv":[8.5,12.65625,8.84375,13.21875],"rotation":0,"texture":"#2","tintindex":0},"north":{"uv":[8.15625,12.65625,8.5,13.21875],"rotation":0,"texture":"#2","tintindex":0},"west":{"uv":[11.09375,4.53125,11.21875,5.09375],"rotation":0,"texture":"#2","tintindex":0},"up":{"uv":[12.0,4.53125,11.65625,4.40625],"rotation":0,"texture":"#2","tintindex":0},"down":{"uv":[13.71875,6.21875,13.375,6.34375],"rotation":0,"texture":"#2","tintindex":0}}},{"from":[5.142857,-5.714287,18.97143],"to":[10.228572,6.8,27.94286],"rotation":{"angle":0.0,"axis":"y","origin":[-6.285715,-36.57143,8.0]},"faces":{"east":{"uv":[8.28125,5.65625,8.78125,6.34375],"rotation":0,"texture":"#2","tintindex":0},"south":{"uv":[8.84375,12.65625,9.125,13.34375],"rotation":0,"texture":"#2","tintindex":0},"north":{"uv":[0.6875,12.5625,0.96875,13.25],"rotation":0,"texture":"#2","tintindex":0},"west":{"uv":[11.21875,7.21875,11.71875,7.90625],"rotation":0,"texture":"#2","tintindex":0},"up":{"uv":[5.09375,11.71875,4.8125,11.21875],"rotation":0,"texture":"#2","tintindex":0},"down":{"uv":[12.90625,12.875,12.625,13.375],"rotation":0,"texture":"#2","tintindex":0}}},{"from":[-1.1428576,-5.714287,10.285714],"to":[10.285714,4.5714283,19.428572],"rotation":{"angle":-45.0,"axis":"x","origin":[8.0,8.0,8.0]},"faces":{"east":{"uv":[2.90625,11.8125,3.40625,12.375],"rotation":0,"texture":"#2","tintindex":0},"south":{"uv":[11.21875,5.59375,11.84375,6.15625],"rotation":0,"texture":"#2","tintindex":0},"north":{"uv":[11.03125,2.09375,11.65625,2.65625],"rotation":0,"texture":"#2","tintindex":0},"west":{"uv":[10.1875,11.8125,10.6875,12.375],"rotation":0,"texture":"#2","tintindex":0},"up":{"uv":[12.09375,1.75,11.46875,1.25],"rotation":0,"texture":"#2","tintindex":0},"down":{"uv":[6.90625,11.46875,6.28125,11.96875],"rotation":0,"texture":"#2","tintindex":0}}}],"display":{"head":{"translation":[0.0,-6.4,0.0],"scale":[4.0,4.0,4.0]}}}