{"textures":{"0":"modelengine:entity/toro_wither"},"elements":[{"from":[4.64,-5.134988,7.5158243],"to":[11.360001,8.305014,14.235825],"rotation":{"angle":-22.5,"axis":"x","origin":[8.0,0.86501265,8.235825]},"faces":{"east":{"uv":[5.125,4.5625,5.4375,5.1875],"rotation":0,"texture":"#0","tintindex":0},"south":{"uv":[4.625,5.125,4.9375,5.75],"rotation":0,"texture":"#0","tintindex":0},"north":{"uv":[4.3125,5.125,4.625,5.75],"rotation":0,"texture":"#0","tintindex":0},"west":{"uv":[0.0,5.1875,0.3125,5.8125],"rotation":0,"texture":"#0","tintindex":0},"up":{"uv":[7.375,4.4375,7.0625,4.125],"rotation":0,"texture":"#0","tintindex":0},"down":{"uv":[4.75,7.0625,4.4375,7.375],"rotation":0,"texture":"#0","tintindex":0}}},{"from":[2.7199998,-1.2949867,10.395824],"to":[13.280001,1.5850129,13.275825],"rotation":{"angle":-22.5,"axis":"x","origin":[8.0,0.86501265,8.235825]},"faces":{"east":{"uv":[8.8125,4.4375,8.9375,4.5625],"rotation":0,"texture":"#0","tintindex":0},"south":{"uv":[7.5625,1.375,8.03125,1.5],"rotation":0,"texture":"#0","tintindex":0},"north":{"uv":[4.65625,0.25,5.125,0.375],"rotation":0,"texture":"#0","tintindex":0},"west":{"uv":[8.8125,4.5625,8.9375,4.6875],"rotation":0,"texture":"#0","tintindex":0},"up":{"uv":[8.28125,5.9375,7.8125,5.8125],"rotation":0,"texture":"#0","tintindex":0},"down":{"uv":[8.28125,5.9375,7.8125,6.0625],"rotation":0,"texture":"#0","tintindex":0}}},{"from":[6.08,0.6250129,13.275825],"to":[9.92,3.505013,16.155825],"rotation":{"angle":-22.5,"axis":"x","origin":[8.48,0.86501265,8.235825]},"faces":{"east":{"uv":[8.8125,5.15625,8.9375,5.28125],"rotation":0,"texture":"#0","tintindex":0},"south":{"uv":[8.625,2.875,8.8125,3.0],"rotation":0,"texture":"#0","tintindex":0},"north":{"uv":[7.34375,3.15625,7.53125,3.28125],"rotation":0,"texture":"#0","tintindex":0},"west":{"uv":[8.8125,5.28125,8.9375,5.40625],"rotation":0,"texture":"#0","tintindex":0},"up":{"uv":[0.8125,8.84375,0.625,8.71875],"rotation":0,"texture":"#0","tintindex":0},"down":{"uv":[8.90625,1.1875,8.71875,1.3125],"rotation":0,"texture":"#0","tintindex":0}}}],"display":{"head":{"translation":[0.0,-6.4,0.0],"scale":[4.0,4.0,4.0]}}}