{"textures":{"2":"modelengine:entity/colossus"},"elements":[{"from":[5.6936674,1.271719,-9.084368],"to":[12.550811,7.5574336,-5.655796],"rotation":{"angle":0.0,"axis":"y","origin":[9.142858,5.788872,-13.147747]},"faces":{"east":{"uv":[4.0625,13.25,3.875,13.59375],"rotation":0,"texture":"#2","tintindex":0},"south":{"uv":[13.40625,10.6875,13.03125,11.03125],"rotation":0,"texture":"#2","tintindex":0},"north":{"uv":[12.28125,13.03125,11.90625,13.375],"rotation":0,"texture":"#2","tintindex":0},"west":{"uv":[4.25,13.25,4.0625,13.59375],"rotation":0,"texture":"#2","tintindex":0},"up":{"uv":[8.46875,13.21875,8.09375,13.40625],"rotation":0,"texture":"#2","tintindex":0},"down":{"uv":[8.84375,13.40625,8.46875,13.21875],"rotation":0,"texture":"#2","tintindex":0}}},{"from":[6.212036,-6.1500797,-11.164215],"to":[11.926322,-0.43579388,-7.7356443],"rotation":{"angle":-22.5,"axis":"x","origin":[9.142858,5.788872,-13.147747]},"faces":{"east":{"uv":[4.65625,13.3125,4.46875,13.625],"rotation":0,"texture":"#2","tintindex":0},"south":{"uv":[13.375,6.96875,13.0625,7.28125],"rotation":0,"texture":"#2","tintindex":0},"north":{"uv":[1.4375,13.09375,1.125,13.40625],"rotation":0,"texture":"#2","tintindex":0},"west":{"uv":[4.84375,13.3125,4.65625,13.625],"rotation":0,"texture":"#2","tintindex":0},"up":{"uv":[5.15625,13.3125,4.84375,13.5],"rotation":0,"texture":"#2","tintindex":0},"down":{"uv":[6.0625,13.5,5.75,13.3125],"rotation":0,"texture":"#2","tintindex":0}}},{"from":[6.818589,-15.15052,-7.8840723],"to":[11.390018,-9.4362335,-4.4555006],"rotation":{"angle":-45.0,"axis":"x","origin":[8.0,-5.6397,-13.147747]},"faces":{"east":{"uv":[9.5,13.25,9.3125,13.5625],"rotation":0,"texture":"#2","tintindex":0},"south":{"uv":[7.28125,4.28125,7.03125,4.59375],"rotation":0,"texture":"#2","tintindex":0},"north":{"uv":[10.0,5.15625,9.75,5.46875],"rotation":0,"texture":"#2","tintindex":0},"west":{"uv":[9.6875,13.25,9.5,13.5625],"rotation":0,"texture":"#2","tintindex":0},"up":{"uv":[1.71875,7.875,1.46875,8.0625],"rotation":0,"texture":"#2","tintindex":0},"down":{"uv":[5.46875,8.8125,5.21875,8.625],"rotation":0,"texture":"#2","tintindex":0}}}],"display":{"head":{"translation":[0.0,-6.4,0.0],"scale":[4.0,4.0,4.0]}}}