{"textures":{"2":"modelengine:entity/colossus"},"elements":[{"from":[5.6936674,0.82420063,25.055037],"to":[12.550811,7.1099153,28.483608],"rotation":{"angle":0.0,"axis":"y","origin":[9.142858,5.3413534,32.54699]},"faces":{"east":{"uv":[3.875,13.25,4.0625,13.59375],"rotation":0,"texture":"#2","tintindex":0},"south":{"uv":[11.90625,13.03125,12.28125,13.375],"rotation":0,"texture":"#2","tintindex":0},"north":{"uv":[13.03125,10.6875,13.40625,11.03125],"rotation":0,"texture":"#2","tintindex":0},"west":{"uv":[4.0625,13.25,4.25,13.59375],"rotation":0,"texture":"#2","tintindex":0},"up":{"uv":[8.46875,13.40625,8.09375,13.21875],"rotation":0,"texture":"#2","tintindex":0},"down":{"uv":[8.84375,13.21875,8.46875,13.40625],"rotation":0,"texture":"#2","tintindex":0}}},{"from":[6.212036,-6.597598,27.134884],"to":[11.926322,-0.8833122,30.563456],"rotation":{"angle":22.5,"axis":"x","origin":[9.142858,5.3413534,32.54699]},"faces":{"east":{"uv":[4.46875,13.3125,4.65625,13.625],"rotation":0,"texture":"#2","tintindex":0},"south":{"uv":[1.125,13.09375,1.4375,13.40625],"rotation":0,"texture":"#2","tintindex":0},"north":{"uv":[13.0625,6.96875,13.375,7.28125],"rotation":0,"texture":"#2","tintindex":0},"west":{"uv":[4.65625,13.3125,4.84375,13.625],"rotation":0,"texture":"#2","tintindex":0},"up":{"uv":[5.15625,13.5,4.84375,13.3125],"rotation":0,"texture":"#2","tintindex":0},"down":{"uv":[6.0625,13.3125,5.75,13.5],"rotation":0,"texture":"#2","tintindex":0}}},{"from":[6.818589,-15.59804,23.85474],"to":[11.390018,-9.883753,27.283314],"rotation":{"angle":45.0,"axis":"x","origin":[8.0,-6.087219,32.54699]},"faces":{"east":{"uv":[9.3125,13.25,9.5,13.5625],"rotation":0,"texture":"#2","tintindex":0},"south":{"uv":[9.75,5.15625,10.0,5.46875],"rotation":0,"texture":"#2","tintindex":0},"north":{"uv":[7.03125,4.28125,7.28125,4.59375],"rotation":0,"texture":"#2","tintindex":0},"west":{"uv":[9.5,13.25,9.6875,13.5625],"rotation":0,"texture":"#2","tintindex":0},"up":{"uv":[1.71875,8.0625,1.46875,7.875],"rotation":0,"texture":"#2","tintindex":0},"down":{"uv":[5.46875,8.625,5.21875,8.8125],"rotation":0,"texture":"#2","tintindex":0}}}],"display":{"head":{"translation":[0.0,-6.4,0.0],"scale":[4.0,4.0,4.0]}}}