{"textures":{"2":"modelengine:entity/colossus"},"elements":[{"from":[1.3102245,-15.636549,-12.0],"to":[7.595939,-7.0651207,-4.000001],"rotation":{"angle":45.0,"axis":"z","origin":[4.5714283,-10.285715,-8.57143]},"faces":{"east":{"uv":[3.90625,12.4375,3.46875,12.90625],"rotation":0,"texture":"#2","tintindex":0},"south":{"uv":[13.125,8.65625,12.78125,9.125],"rotation":0,"texture":"#2","tintindex":0},"north":{"uv":[9.78125,12.78125,9.4375,13.25],"rotation":0,"texture":"#2","tintindex":0},"west":{"uv":[12.90625,2.78125,12.46875,3.25],"rotation":0,"texture":"#2","tintindex":0},"up":{"uv":[4.25,12.8125,3.90625,13.25],"rotation":0,"texture":"#2","tintindex":0},"down":{"uv":[6.09375,13.3125,5.75,12.875],"rotation":0,"texture":"#2","tintindex":0}}},{"from":[-0.57142925,-13.714287,-12.0],"to":[6.285714,6.857143,-2.8571434],"rotation":{"angle":0.0,"axis":"y","origin":[-6.285715,-36.57143,8.0]},"faces":{"east":{"uv":[10.0,5.59375,9.5,6.71875],"rotation":0,"texture":"#2","tintindex":0},"south":{"uv":[5.46875,10.59375,5.09375,11.71875],"rotation":0,"texture":"#2","tintindex":0},"north":{"uv":[5.84375,10.59375,5.46875,11.71875],"rotation":0,"texture":"#2","tintindex":0},"west":{"uv":[10.0625,8.65625,9.5625,9.78125],"rotation":0,"texture":"#2","tintindex":0},"up":{"uv":[11.0,12.65625,10.625,13.15625],"rotation":0,"texture":"#2","tintindex":0},"down":{"uv":[11.90625,13.15625,11.53125,12.65625],"rotation":0,"texture":"#2","tintindex":0}}},{"from":[0.0,-15.428572,-14.857143],"to":[6.2285714,-5.1428576,-12.57143],"rotation":{"angle":22.5,"axis":"x","origin":[-0.57142925,-12.57143,-5.714287]},"faces":{"east":{"uv":[4.53125,9.03125,4.40625,9.59375],"rotation":0,"texture":"#2","tintindex":0},"south":{"uv":[8.5,12.65625,8.15625,13.21875],"rotation":0,"texture":"#2","tintindex":0},"north":{"uv":[8.84375,12.65625,8.5,13.21875],"rotation":0,"texture":"#2","tintindex":0},"west":{"uv":[11.21875,4.53125,11.09375,5.09375],"rotation":0,"texture":"#2","tintindex":0},"up":{"uv":[12.0,4.40625,11.65625,4.53125],"rotation":0,"texture":"#2","tintindex":0},"down":{"uv":[13.71875,6.34375,13.375,6.21875],"rotation":0,"texture":"#2","tintindex":0}}},{"from":[5.142857,-5.714287,-11.94286],"to":[10.228572,6.8,-2.9714298],"rotation":{"angle":0.0,"axis":"y","origin":[-6.285715,-36.57143,8.0]},"faces":{"east":{"uv":[8.78125,5.65625,8.28125,6.34375],"rotation":0,"texture":"#2","tintindex":0},"south":{"uv":[0.96875,12.5625,0.6875,13.25],"rotation":0,"texture":"#2","tintindex":0},"north":{"uv":[9.125,12.65625,8.84375,13.34375],"rotation":0,"texture":"#2","tintindex":0},"west":{"uv":[11.71875,7.21875,11.21875,7.90625],"rotation":0,"texture":"#2","tintindex":0},"up":{"uv":[5.09375,11.21875,4.8125,11.71875],"rotation":0,"texture":"#2","tintindex":0},"down":{"uv":[12.90625,13.375,12.625,12.875],"rotation":0,"texture":"#2","tintindex":0}}},{"from":[-1.1428576,-5.714287,-3.4285717],"to":[10.285714,4.5714283,5.714286],"rotation":{"angle":45.0,"axis":"x","origin":[8.0,8.0,8.0]},"faces":{"east":{"uv":[3.40625,11.8125,2.90625,12.375],"rotation":0,"texture":"#2","tintindex":0},"south":{"uv":[11.65625,2.09375,11.03125,2.65625],"rotation":0,"texture":"#2","tintindex":0},"north":{"uv":[11.84375,5.59375,11.21875,6.15625],"rotation":0,"texture":"#2","tintindex":0},"west":{"uv":[10.6875,11.8125,10.1875,12.375],"rotation":0,"texture":"#2","tintindex":0},"up":{"uv":[12.09375,1.25,11.46875,1.75],"rotation":0,"texture":"#2","tintindex":0},"down":{"uv":[6.90625,11.96875,6.28125,11.46875],"rotation":0,"texture":"#2","tintindex":0}}}],"display":{"head":{"translation":[0.0,-6.4,0.0],"scale":[4.0,4.0,4.0]}}}